name,incoming,outgoing,num_incoming,num_outgoing,balance,mean_donation,mean_spend,num_unique_donors,mean_donation_per_unique_donor,url,timestamp,label
Aliancia,904101.77,-903981.8800000001,66,354,119.89000000001397,13698.511666666667,-2553.621129943503,31,29164.573225806453,https://moja.csob.sk/transparent-accounts/613b2b4d1d0a601831e71145f0698726a82867c366245a4019b178aae53e5f23,24.11.2023-01:04:16,PS
Demokrati,1285923.8399999999,-1285729.2,364,2258,194.64000000000496,3532.757802197802,-569.4106288751107,219,5871.798356164383,https://www.transparentneucty.sk/#/ucet/SK5409000000005200777415,24.11.2023-01:04:16,PS
Hlas,2388000.0,-2387084.54,10,808,915.460000000012,238800.0,-2954.3125495049508,2,1194000.0,https://www.transparentneucty.sk/#/ucet/SK0609000000005201155706,24.11.2023-01:04:16,PS
KARMA,29421.989999999998,-29425.36,22,29,-3.369999999999891,1337.3631818181818,-1014.6675862068965,15,1961.466,https://moja.csob.sk/transparent-accounts/63286cb8e407bb9674baad9e90916cb48d566b17a37f535109811b1db9f729c5,24.11.2023-01:04:16,PS
KDH,2038590.02,-2037417.6400000001,445,1448,1172.3799999999997,4581.101168539326,-1407.0563812154696,304,6705.888223684211,https://www.transparentneucty.sk/#/ucet/SK5409000000005202509350,24.11.2023-01:04:16,PS
Komunistická strana Slovenska,213879.47,-213577.38,202,123,302.08999999999884,1058.8092574257425,-1736.4014634146342,81,2640.4872839506174,https://www.transparentneucty.sk/#/ucet/SK9309000000005173959220,24.11.2023-01:04:16,PS
Kresťanská únia,1021410.0,-1018477.52,12,203,2932.4799999999996,85117.5,-5017.130640394089,2,510705.0,https://www.transparentneucty.sk/#/ucet/SK0909000000005204564329,24.11.2023-01:04:16,PS
LSNS,389167.86,-383501.06999999995,38,291,5666.789999999994,10241.25947368421,-1317.873092783505,21,18531.802857142855,https://www.transparentneucty.sk/#/ucet/SK4709000000005200763670,24.11.2023-01:04:16,PS
MF,256375.0,-256328.80000000002,58,38,46.200000000004366,4420.258620689655,-6745.494736842105,43,5962.209302325581,https://moja.csob.sk/transparent-accounts/ad7247871f62f611552a21345df81fb36b80e5ce1baaaab01f8dc25917b3b1b7,24.11.2023-01:04:16,PS
"Modri, Most-Hid",1085302.7,-1085290.95,59,382,11.75,18394.961016949153,-2841.075785340314,34,31920.66764705882,https://moja.csob.sk/transparent-accounts/d47652cb63a4b7f105908b1a03b4b6c7f83169c1c62150f2e2d562504c1be5d6,24.11.2023-01:04:16,PS
MySlovensko,59986.25,-59966.549999999996,25,95,19.699999999999292,2399.45,-631.2268421052631,12,4998.854166666667,https://transparentneucty.sk/#/ucet/SK4209000000005204179906,24.11.2023-01:04:16,PS
OĽaNO,2257454.54,-2241158.96,23,1076,16295.57999999999,98150.19739130435,-2082.8614869888474,8,282181.8175,https://www.transparentneucty.sk/#/ucet/SK2509000000005198311615,24.11.2023-01:04:16,PS
PS,2310735.87,-2318453.16,915,1296,-7717.290000000028,2525.394393442623,-1788.9299074074074,781,2958.6886939820743,https://www.tatrabanka.sk/sk/personal/ucet-platby/transparentne-ucty/ucet/?iban=sk2111000000002942147187,24.11.2023-01:04:16,PS
Pirátska strana,48883.18,-48897.68000000001,120,137,-14.499999999999432,407.3598333333333,-356.91737226277377,66,740.6542424242424,https://ib.fio.sk/ib/transparent?a=2401881936,24.11.2023-01:04:16,PS
Princíp,10022.89,-9945.310000000001,3,63,77.57999999999993,3340.963333333333,-157.86206349206353,3,3340.963333333333,https://www.transparentneucty.sk/#/ucet/SK2909000000005186956723,24.11.2023-01:04:16,PS
Republika,757074.88,-751849.3500000001,222,376,5225.530000000006,3410.2472072072073,-1999.5993351063833,150,5047.165866666666,https://ib.vub.sk/pch/transparentne-ucty?iban=SK9402000000004786046155,24.11.2023-01:04:16,PS
SDKÚ,6500.7,-6014.0,4,3,486.6999999999998,1625.175,-2004.6666666666667,3,2166.9,https://www.tatrabanka.sk/sk/personal/ucet-platby/transparentne-ucty/ucet/?iban=sk8611000000002943155496,24.11.2023-01:04:16,PS
SNS,1059071.6,-1056566.1099999999,51,687,2505.4899999999934,20766.109803921572,-1537.9419359534204,4,264767.9,https://www.transparentneucty.sk/#/ucet/SK1709000000005201011948,24.11.2023-01:04:16,PS
SPRAVODLIVOSŤ,9750.0,-6547.619999999999,4,93,3202.38,2437.5,-70.40451612903225,4,2437.5,https://www.tatrabanka.sk/sk/personal/ucet-platby/transparentne-ucty/ucet/?iban=sk9111000000002945151763,24.11.2023-01:04:16,PS
SRDCE,68298.04000000001,-67517.09,17,97,780.9500000000044,4017.531764705883,-696.0524742268041,11,6208.912727272728,https://www.transparentneucty.sk/#/ucet/SK1709000000005204184430,24.11.2023-01:04:16,PS
SaS,2089818.07,-1981400.75,41,901,108417.32000000004,50971.17243902439,-2199.1129300776915,7,298545.4385714286,https://www.transparentneucty.sk/#/ucet/SK4609000000005199496092,24.11.2023-01:04:16,PS
Slovenské Hnutie Obrody,6263.0,-6244.619999999999,96,38,18.379999999999995,65.23958333333333,-164.33210526315787,54,115.98148148148148,https://ib.fio.sk/ib/transparent?a=2502606052,24.11.2023-01:04:16,PS
Sme Rodina,1880762.1099999999,-1880738.06,132,1424,24.04999999998836,14248.197803030302,-1320.7430196629214,79,23807.115316455696,https://www.transparentneucty.sk/#/ucet/SK4409000000005200310540,24.11.2023-01:04:16,PS
Smer,2720253.0,-2707970.0,19,705,12282.99999999997,143171.2105263158,-3841.0921985815603,1,2720253.0,https://www.transparentneucty.sk/#/ucet/SK1809000000005200055607,24.11.2023-01:04:16,PS
Spoločne občania Slovenska,38735.67,-38695.81,33,48,39.85999999999876,1173.8081818181818,-806.1627083333333,13,2979.666923076923,https://www.transparentneucty.sk/#/ucet/SK1009000000005203740781,24.11.2023-01:04:16,PS
Vlastenecký blok,25777.8,-23875.92,54,33,1901.8799999999992,477.3666666666667,-723.5127272727273,39,660.9692307692308,https://www.transparentneucty.sk/#/ucet/SK3309000000005204130889,24.11.2023-01:04:16,PS
Za Ľudí,407275.0,-404604.43000000005,13,252,2670.5700000000006,31328.846153846152,-1605.573134920635,6,67879.16666666667,https://www.tatrabanka.sk/sk/personal/ucet-platby/transparentne-ucty/ucet/?iban=sk1111000000002945150584,24.11.2023-01:04:16,PS
